outlet_id,name
OUT001,Fresh Nugegoda
OUT002,Fresh Wellawatte
OUT003,Fresh Kotahena
OUT004,Fresh Borella
OUT005,Fresh Dehiwala
OUT006,Fresh Mount Lavinia
OUT007,Fresh Maradana
OUT008,Fresh Bambalapitiya
OUT009,Fresh Piliyandala
OUT010,Fresh Kollupitiya
OUT011,Fresh Moratuwa
OUT012,Fresh Battaramulla
OUT013,Fresh Rajagiriya
OUT014,Fresh Pettah
OUT015,Style Majestic City
OUT016,Style Crescat Boulevard
OUT017,Style Liberty Plaza
OUT018,Style One Galle Face
OUT019,Style Maharagama
OUT020,Style Kottawa
OUT021,Tech Unity Plaza
OUT022,Tech Colombo City Centre
OUT023,Tech Kollupitiya
OUT024,Tech Bambalapitiya
OUT025,Fresh Negombo
OUT026,Fresh Gampaha
OUT027,Fresh Ja-Ela
OUT028,Fresh Kandana
OUT029,Fresh Kelaniya
OUT030,Fresh Ragama
OUT031,Fresh Minuwangoda
OUT032,Fresh Katunayake
OUT033,Fresh Veyangoda
OUT034,Fresh Mirigama
OUT035,Style Cargills Square
OUT036,Style Kiribathgoda
OUT037,Style Wattala
OUT038,Tech Kadawatha
OUT039,Tech Nittambuwa
OUT040,Fresh Wadduwa
OUT041,Fresh Panadura
OUT042,Fresh Kalutara
OUT043,Fresh Beruwala
OUT044,Fresh Aluthgama
OUT045,Fresh Matugama
OUT046,Fresh Bandaragama
OUT047,Style Panadura
OUT048,Style Kalutara
OUT049,Tech Horana
OUT050,Fresh Hikkaduwa
OUT051,Fresh Galle Fort
OUT052,Fresh Ahangama
OUT053,Fresh Karapitiya
OUT054,Fresh Unawatuna
OUT055,Fresh Koggala
OUT056,Style Galle Dutch Hospital
OUT057,Style Ambalangoda
OUT058,Tech Galle
OUT059,Fresh Akuressa
OUT060,Fresh Dickwella
OUT061,Fresh Hakmana
OUT062,Fresh Kamburupitiya
OUT063,Style Weligama
OUT064,Tech Matara
OUT065,Fresh Polgahawela
OUT066,Fresh Pannala
OUT067,Fresh Alawwa
OUT068,Fresh Wariyapola
OUT069,Fresh Mawathagama
OUT070,Style Kuliyapitiya
OUT071,Style Narammala
OUT072,Tech Kurunegala
OUT073,Fresh Wennappuwa
OUT074,Fresh Chilaw
OUT075,Fresh Puttalam
OUT076,Fresh Katukele
OUT077,Fresh Mahaiyawa
OUT078,Fresh Asgiriya
OUT079,Fresh Ampitiya
OUT080,Fresh Lewella
OUT081,Fresh Tennekumbura
OUT082,Fresh Watapuluwa
OUT083,Fresh Mulgampola
OUT084,Fresh Nawalapitiya
OUT085,Fresh Peradeniya
OUT086,Fresh Katugastota
OUT087,Fresh Gampola
OUT088,Style Akurana
OUT089,Style Kandy City Centre
OUT090,Style Royal Mall
OUT091,Style Pilimathalawa
OUT092,Style Kundasale
OUT093,Tech Kadugannawa
OUT094,Tech Kandy City Centre
OUT095,Tech Digana
OUT096,Fresh Ukuwela
OUT097,Fresh Rattota
OUT098,Fresh Dambulla
OUT099,Fresh Sigiriya
OUT100,Fresh Galewela
OUT101,Fresh Naula
OUT102,Style Aluvihare
OUT103,Tech Matale
OUT104,Fresh Talawakele
OUT105,Fresh Hatton
OUT106,Fresh Kotagala
OUT107,Fresh Nanu Oya
OUT108,Fresh Nuwara Eliya
OUT109,Style Ragala
OUT110,Fresh Welimada
OUT111,Fresh Bandarawela
OUT112,Fresh Haputale
OUT113,Fresh Hali-Ela
OUT114,Style Ella
OUT115,Tech Badulla
OUT116,Fresh Warakapola
OUT117,Fresh Rambukkana
OUT118,Fresh Mawanella
OUT119,Fresh Ruwanwella
OUT120,Style Kegalle
